num_tracks,build_time,db_hashes,avg_query_time
500,244.94416499137878,1793598,0.0306196928024292
1000,527.735702753067,1808948,0.05075523853302002
1500,624.5449419021606,1813023,0.0773876428604126
2000,846.909380197525,1815633,0.1021926760673523
2500,1060.4149827957153,1817627,0.14213801622390748
3000,1256.6451098918915,1819198,0.16159075498580933
3500,1473.4228360652924,1820607,0.22445411682128907
3816,1609.8147387504578,1821334,0.27759231328964235
