num_tracks,build_time,db_hashes,avg_query_time
650,266.7046892642975,1802252,0.03817380666732788
1300,543.6104598045349,1811612,0.06389006376266479
1950,811.9129748344421,1815377,0.10282070636749267
2600,1070.0580229759216,1817995,0.14782825708389283
3250,1345.9273619651794,1819984,0.2209295868873596
3816,1605.4109399318695,1821334,0.2963950276374817
